rally_uid,actionId,pointId,serverGetPoint
15188,4,0,0.6355360150337219
15191,4,1,0.6110377311706543
15194,13,0,0.46064293384552
15198,1,7,0.48965883255004883
15201,4,1,0.5775519013404846
15204,4,0,0.6057799458503723
15207,8,0,0.6710992455482483
15210,6,0,0.5928606390953064
15213,0,0,0.6237708926200867
15217,5,0,0.6803697943687439
15220,5,0,0.5455437302589417
15223,13,0,0.6335635781288147
15226,1,7,0.5067400336265564
15229,5,0,0.6372444033622742
15232,1,0,0.44304561614990234
15235,11,1,0.6216287016868591
15238,7,1,0.6316707730293274
15242,9,0,0.695126473903656
15245,0,0,0.689858078956604
15249,13,0,0.5943354368209839
15253,6,0,0.5875349640846252
15256,7,2,0.6066349148750305
15259,1,0,0.6675631999969482
15263,14,7,0.5839595198631287
15267,0,0,0.7387985587120056
15271,8,0,0.6546436548233032
15274,6,0,0.3225960433483124
15277,8,4,0.5579944849014282
15281,8,7,0.509329617023468
15284,8,0,0.39572978019714355
15287,14,7,0.445217102766037
15291,8,7,0.48859861493110657
15294,0,0,0.6336870193481445
15295,6,0,0.3457068204879761
15299,3,9,0.5319575071334839
15303,2,0,0.3223573863506317
15306,1,0,0.4791135787963867
15310,11,1,0.5537641644477844
15312,4,1,0.5637356638908386
15316,13,0,0.6506925821304321
15319,0,0,0.574974536895752
15323,13,0,0.6568079590797424
15327,0,0,0.5701831579208374
15329,6,0,0.3457068204879761
15335,2,0,0.5489636659622192
15338,11,1,0.5724966526031494
15344,13,0,0.4528955817222595
15347,6,0,0.49577638506889343
15350,1,0,0.5126758217811584
15354,1,0,0.5626310110092163
15358,13,0,0.5108588337898254
15362,13,0,0.6239492297172546
15366,14,0,0.5552246570587158
15370,9,0,0.5892119407653809
15374,1,0,0.649387776851654
15377,9,6,0.4173014461994171
15381,4,0,0.7071018218994141
15384,7,0,0.6518459320068359
15387,4,0,0.6249227523803711
15390,9,7,0.4864605963230133
15393,9,0,0.4995758533477783
15397,9,0,0.6623969078063965
15401,1,0,0.5587853789329529
15403,8,0,0.5926684141159058
15406,9,0,0.6263801455497742
15410,4,0,0.6172662973403931
15413,9,4,0.4454589784145355
15416,9,0,0.47212913632392883
15418,9,0,0.6568297743797302
15422,9,0,0.7410524487495422
15426,9,0,0.6340882182121277
15430,4,5,0.6317445635795593
15433,9,0,0.3996516764163971
15436,9,0,0.45335543155670166
15440,9,0,0.5845240950584412
15442,7,1,0.5137548446655273
15446,13,0,0.5433913469314575
15450,11,1,0.5446760654449463
15454,0,0,0.574038028717041
15457,2,0,0.38850846886634827
15460,2,9,0.4936985671520233
15463,0,0,0.49777501821517944
15466,2,0,0.49006280303001404
15470,11,1,0.5138270258903503
15474,4,0,0.6534910202026367
15478,0,0,0.42963385581970215
15482,0,0,0.657784104347229
15485,0,0,0.5188194513320923
15488,4,0,0.6730023622512817
15492,4,2,0.5720439553260803
15495,4,3,0.6003796458244324
15498,7,1,0.4403340816497803
15501,11,1,0.559885561466217
15504,2,0,0.35575249791145325
15507,6,9,0.4682019054889679
15511,11,1,0.5598495602607727
15514,2,0,0.38043588399887085
15518,0,0,0.36588141322135925
15522,0,0,0.7425968050956726
15523,3,4,0.662566602230072
15527,12,4,0.48952242732048035
15530,3,5,0.4774439036846161
15533,10,6,0.4846613109111786
15537,11,5,0.3837112486362457
15541,7,5,0.5897095203399658
15543,12,4,0.5918483138084412
15547,10,6,0.48394039273262024
15551,3,4,0.5145720839500427
15554,3,5,0.537977933883667
15558,12,5,0.39560455083847046
15561,10,4,0.4855062961578369
15563,10,4,0.6331949830055237
15566,12,5,0.6267094612121582
15569,1,5,0.47028252482414246
15573,4,3,0.6186320781707764
15576,11,5,0.5851982235908508
15579,1,6,0.5356992483139038
15583,12,5,0.49594709277153015
15585,7,4,0.6295090317726135
15588,3,4,0.4337523877620697
15592,12,5,0.5005293488502502
15596,3,4,0.43712732195854187
15599,3,4,0.5647645592689514
15602,7,1,0.590083122253418
15603,1,5,0.5653502345085144
15607,12,6,0.48570123314857483
15610,10,6,0.47383779287338257
15613,12,0,0.6422470211982727
15616,3,4,0.6446217894554138
15619,12,2,0.42877432703971863
15622,12,4,0.4883297085762024
15626,6,0,0.6756563782691956
15629,0,0,0.5333040952682495
15632,3,4,0.4482441544532776
15635,9,0,0.6027410626411438
15639,8,0,0.6610488295555115
15641,12,5,0.4872770607471466
15645,3,4,0.49514734745025635
15649,9,6,0.6174646615982056
15652,11,4,0.5133441090583801
15655,9,0,0.6291190385818481
15659,0,0,0.5661665797233582
15660,12,0,0.4830777943134308
15664,12,6,0.5031812787055969
15668,10,2,0.6066216230392456
15672,10,4,0.6003202199935913
15675,8,0,0.65070641040802
15678,12,5,0.40728768706321716
15681,1,0,0.6399776339530945
15684,12,0,0.5548381805419922
15688,3,0,0.45551711320877075
15691,3,2,0.5395037531852722
15694,7,1,0.4518001079559326
15695,7,4,0.6703425645828247
15704,5,0,0.3929334878921509
15707,1,0,0.4300915598869324
15710,4,2,0.6226357221603394
15713,5,0,0.448931485414505
15720,1,0,0.609350860118866
15723,5,9,0.4805315136909485
15727,5,0,0.5269820690155029
15731,7,0,0.6859408617019653
15732,13,0,0.6844466328620911
15735,5,9,0.4087675213813782
15739,13,0,0.5972616672515869
15742,2,0,0.3755371570587158
15746,13,0,0.4649113416671753
15748,13,0,0.5378999710083008
15751,7,0,0.6831511855125427
15754,1,0,0.5910891890525818
15757,1,0,0.452684611082077
15761,1,0,0.5835754871368408
15765,7,0,0.7018542289733887
15769,2,0,0.3361627459526062
15773,10,4,0.6040793061256409
15777,1,0,0.41339388489723206
15780,7,1,0.4818245470523834
15783,8,0,0.4638054370880127
15786,0,0,0.6367143392562866
15789,2,0,0.4418703317642212
15793,8,0,0.3674470782279968
15796,7,0,0.6474722623825073
15799,8,0,0.46154022216796875
15802,4,2,0.6539873480796814
15805,9,0,0.6535418033599854
15809,8,0,0.4603714048862457
15812,7,0,0.6508126258850098
15815,8,0,0.6445097923278809
15818,1,0,0.609350860118866
15822,1,0,0.4503048360347748
15826,1,5,0.49093958735466003
15829,10,6,0.6201696991920471
15832,7,4,0.5858020186424255
15836,1,7,0.5795391798019409
15839,7,0,0.6412602066993713
15841,1,0,0.6682666540145874
15844,14,0,0.5243026614189148
15847,4,1,0.5935896635055542
15850,13,0,0.6480813026428223
15853,5,0,0.38297438621520996
15857,14,0,0.5383913516998291
15862,4,0,0.6497565507888794
15865,0,0,0.6799413561820984
15869,5,0,0.5220127701759338
15872,4,7,0.5684846043586731
15875,4,4,0.5505833625793457
15879,0,0,0.7256154417991638
15882,13,0,0.6948367357254028
15885,0,0,0.37470507621765137
15889,2,0,0.4098506271839142
15893,4,1,0.6028743982315063
15897,2,0,0.6049241423606873
15901,1,9,0.4680711328983307
15905,4,0,0.6486712098121643
15907,13,0,0.5075361728668213
15910,8,9,0.4468700885772705
15914,8,0,0.38690027594566345
15917,4,0,0.5882959961891174
15920,8,7,0.4583567976951599
15923,5,0,0.458920419216156
15927,14,0,0.5967016816139221
15930,13,0,0.6364416480064392
15933,4,4,0.5899657011032104
15937,4,3,0.6166570782661438
15940,13,0,0.4572327733039856
15942,8,0,0.40309128165245056
15945,4,0,0.60282301902771
15948,0,0,0.5538654327392578
15951,2,0,0.5374501943588257
15954,4,7,0.45392099022865295
15957,1,7,0.4739138185977936
15961,9,0,0.6209558248519897
15964,9,0,0.4005926847457886
15967,1,0,0.44326820969581604
15970,9,0,0.6446566581726074
15973,9,0,0.5084205865859985
15977,13,0,0.5261939167976379
15981,9,0,0.6675981283187866
15985,4,0,0.670127809047699
15988,9,0,0.575419545173645
15992,1,7,0.4617784917354584
15995,4,0,0.6395477652549744
15999,1,0,0.5254793763160706
16003,9,6,0.4692648649215698
16006,1,0,0.4687642753124237
16010,0,0,0.4497550427913666
16014,9,7,0.4938916265964508
16017,4,0,0.6222102642059326
16020,6,0,0.30611616373062134
16023,8,0,0.6528504490852356
16027,1,0,0.45210638642311096
16030,1,7,0.6037887930870056
16032,8,0,0.7045985460281372
16035,13,0,0.4941575527191162
16039,13,0,0.6343254446983337
16042,9,0,0.4002084732055664
16046,4,0,0.6541909575462341
16049,4,0,0.6385413408279419
16052,6,9,0.5258384943008423
16056,1,0,0.5778483748435974
16060,4,0,0.6551212668418884
16063,4,4,0.6056796312332153
16064,4,1,0.465067982673645
16068,5,0,0.41460204124450684
16071,1,0,0.5021429657936096
16075,9,0,0.7162186503410339
16078,4,0,0.6527937054634094
16081,4,4,0.6205027103424072
16085,6,0,0.636732280254364
16088,4,0,0.6259902715682983
16091,1,7,0.6498749256134033
16094,2,0,0.41167113184928894
16098,13,0,0.443703830242157
16102,7,0,0.664487361907959
16105,6,0,0.5583479404449463
16106,6,0,0.6382542848587036
16109,1,0,0.6799398064613342
16113,4,0,0.6727874875068665
16117,5,0,0.607623815536499
16121,13,0,0.7110279202461243
16124,4,0,0.6372264623641968
16127,1,7,0.47100263833999634
16131,14,0,0.43648889660835266
16135,1,7,0.4357156753540039
16138,4,0,0.6257602572441101
16141,8,7,0.421781450510025
16144,0,0,0.6259824633598328
16147,7,0,0.6379372477531433
16151,4,0,0.34275108575820923
16154,2,0,0.3844333589076996
16158,5,9,0.30821841955184937
16162,13,0,0.6588698029518127
16165,2,0,0.5388950705528259
16168,13,0,0.6515738368034363
16170,4,1,0.6021630167961121
16173,7,2,0.5488621592521667
16176,13,0,0.7231014370918274
16183,7,1,0.5589385032653809
16187,11,1,0.5779305696487427
16189,4,1,0.6132272481918335
16192,4,0,0.6699261665344238
16196,13,0,0.6484600901603699
16200,0,0,0.6500681638717651
16203,7,0,0.5643908381462097
16205,7,1,0.5203348994255066
16208,4,5,0.6298829913139343
16211,2,0,0.5218716263771057
16214,11,2,0.5322866439819336
16218,4,7,0.47230711579322815
16222,11,2,0.462546169757843
16223,8,0,0.6841821670532227
16226,7,2,0.5980786681175232
16229,7,1,0.6344033479690552
16232,6,9,0.45797303318977356
16236,7,1,0.5695922374725342
16239,9,0,0.5833282470703125
16242,13,0,0.669458270072937
16246,1,0,0.45359039306640625
16249,7,2,0.6136239171028137
16252,9,0,0.3144187927246094
16256,8,0,0.6857383847236633
16259,11,5,0.4494079649448395
16262,7,4,0.630771815776825
16266,11,2,0.5540775656700134
16269,7,2,0.6136239171028137
16273,9,0,0.41848424077033997
16276,5,0,0.37368178367614746
16279,1,0,0.4002665877342224
16283,6,0,0.6140647530555725
16287,4,5,0.6454703211784363
16288,8,0,0.6841821670532227
16291,13,9,0.461538702249527
16294,13,0,0.5680309534072876
16297,7,0,0.6854580044746399
16300,5,0,0.361670583486557
16304,7,2,0.6149991750717163
16307,6,9,0.4424498677253723
16311,5,0,0.5386138558387756
16314,1,0,0.5847675204277039
16318,6,9,0.4822525680065155
16322,5,0,0.3789352476596832
16326,13,0,0.3625834882259369
16327,11,1,0.4088243544101715
16330,5,0,0.4983350932598114
16333,7,2,0.6129319071769714
16337,11,2,0.5688294172286987
16340,1,0,0.40462735295295715
16344,5,0,0.41407597064971924
16347,7,5,0.43469128012657166
16350,2,0,0.4863918721675873
16354,4,0,0.6448608040809631
16358,1,9,0.4579928517341614
16362,6,9,0.3242028057575226
16366,10,6,0.48535993695259094
16369,6,9,0.3766193985939026
16371,6,0,0.303501158952713
16374,1,5,0.45410943031311035
16378,1,9,0.4055793881416321
16381,9,0,0.6682460904121399
16385,2,8,0.40669941902160645
16388,13,0,0.41753143072128296
16391,13,0,0.6177327632904053
16395,11,1,0.4140012562274933
16399,1,5,0.45954984426498413
16401,8,0,0.6777818202972412
16405,13,0,0.49219903349876404
16409,7,4,0.5739884972572327
16412,7,2,0.611565351486206
16420,8,0,0.6773601770401001
16424,1,0,0.583888828754425
16428,4,0,0.6257109642028809
16432,6,9,0.47495341300964355
16436,13,0,0.46587496995925903
16439,1,0,0.4439193308353424
16440,7,2,0.63169926404953
16444,13,0,0.648920476436615
16448,5,0,0.5420393943786621
16451,10,6,0.398690789937973
16455,9,0,0.657391369342804
16459,8,0,0.716204047203064
16460,4,1,0.5792437791824341
16464,8,0,0.454546183347702
16468,13,0,0.6624669432640076
16471,0,0,0.7010518312454224
16475,13,0,0.7356935143470764
16476,8,0,0.6000038385391235
16480,7,0,0.6284197568893433
16484,4,4,0.5820725560188293
16488,0,0,0.5210887789726257
16491,13,0,0.6631854176521301
16498,5,0,0.3507387042045593
16501,6,0,0.610309898853302
16505,4,4,0.5683668255805969
16509,13,0,0.544384241104126
16512,13,0,0.5816569924354553
16513,8,0,0.40125077962875366
16517,8,0,0.6743945479393005
16520,7,7,0.4659759998321533
16523,4,4,0.6033473014831543
16526,9,0,0.6924009323120117
16528,6,0,0.34304311871528625
16531,13,0,0.766426146030426
16534,13,0,0.5261695384979248
16538,6,0,0.35617876052856445
16541,8,0,0.5898963212966919
16545,7,7,0.5024893879890442
16549,8,0,0.7011876702308655
16552,6,0,0.3724425733089447
16556,11,1,0.4546263515949249
16560,6,0,0.35530707240104675
16564,11,0,0.6362419128417969
16565,13,0,0.5830584764480591
16568,9,0,0.3423941433429718
16571,7,1,0.45966240763664246
16574,0,0,0.5680967569351196
16578,4,2,0.6123290657997131
16581,6,7,0.4847273528575897
16584,0,0,0.5822639465332031
16588,8,0,0.6870750784873962
16591,11,1,0.5972096920013428
16594,6,0,0.3309141993522644
16597,6,0,0.37112918496131897
16601,2,0,0.5079385638237
16604,11,1,0.5867128372192383
16608,4,1,0.5918588638305664
16612,4,7,0.6085838675498962
16619,6,0,0.35919448733329773
16623,7,1,0.5572282075881958
16626,6,0,0.35771963000297546
16630,9,0,0.33477982878685
16634,13,0,0.5583968162536621
16638,7,7,0.5319167375564575
16639,13,0,0.647840678691864
16643,11,1,0.5265076756477356
16647,2,0,0.49986591935157776
16650,0,0,0.5215072631835938
16654,7,1,0.6453429460525513
16658,4,1,0.6299608945846558
16659,6,0,0.5896501541137695
16663,7,1,0.6124958395957947
16666,11,1,0.6028743982315063
16670,13,0,0.39408668875694275
16674,11,1,0.5399664044380188
16678,6,0,0.38692912459373474
16681,2,0,0.5032234191894531
16684,0,0,0.5297126770019531
16687,11,2,0.5647333264350891
16690,9,7,0.42858195304870605
16694,5,0,0.4916302263736725
16696,13,0,0.6403988599777222
16699,5,0,0.4712258577346802
16702,10,0,0.4769565165042877
16706,7,1,0.6272088289260864
16710,7,1,0.6154648065567017
16713,3,9,0.5206206440925598
16717,5,0,0.5146420001983643
16721,5,0,0.5832164883613586
16724,5,0,0.5424996018409729
16727,2,0,0.5211260914802551
16731,5,0,0.37157511711120605
16735,3,7,0.44061073660850525
16738,4,4,0.568514883518219
16742,13,0,0.4147004783153534
16746,6,0,0.4362240135669708
16747,6,0,0.3414066731929779
16751,1,9,0.36525946855545044
16755,11,1,0.4624752998352051
16759,14,7,0.4830555319786072
16763,7,0,0.6028099656105042
16766,5,0,0.5256738066673279
16767,1,9,0.40562665462493896
16770,11,2,0.5592939257621765
16774,13,0,0.48724013566970825
16778,5,0,0.5422358512878418
16782,5,9,0.475755512714386
16785,13,0,0.523115873336792
16789,6,0,0.4088967442512512
16793,5,9,0.416399747133255
16795,5,0,0.4893002212047577
16798,5,0,0.47157540917396545
16802,2,0,0.47070151567459106
16805,5,9,0.46800971031188965
16808,5,9,0.43072330951690674
16811,7,0,0.42583855986595154
16814,10,5,0.6417223215103149
16817,13,0,0.5304698944091797
16821,6,9,0.5756314396858215
16824,1,0,0.6136820912361145
16828,10,4,0.5865054726600647
16831,4,1,0.6263880729675293
16834,11,1,0.6156574487686157
16838,9,0,0.4721715748310089
16842,7,1,0.4648018479347229
16844,6,0,0.39953669905662537
16847,11,0,0.41272249817848206
16851,4,0,0.6500805616378784
16855,11,1,0.4763789176940918
16859,13,0,0.6150824427604675
16862,5,0,0.5950912237167358
16866,13,0,0.5802658200263977
16870,8,0,0.4100443720817566
16874,4,0,0.6432237029075623
16877,7,1,0.5578001737594604
16881,5,0,0.3650877773761749
16885,7,2,0.5922863483428955
16889,1,0,0.5931200385093689
16892,13,0,0.6505712866783142
16895,9,0,0.6970833539962769
16898,3,7,0.4903152883052826
16900,1,7,0.5354951620101929
16903,7,2,0.5855638384819031
16906,9,0,0.7166992425918579
16909,0,0,0.3561001420021057
16912,7,2,0.5659599900245667
16917,6,0,0.3649148643016815
16921,7,0,0.610532283782959
16924,13,0,0.5535027980804443
16927,10,0,0.6144257187843323
16931,2,0,0.36521464586257935
16935,8,0,0.6469041109085083
16939,1,0,0.5600398778915405
16942,1,0,0.620346188545227
16945,1,0,0.43920525908470154
16948,13,0,0.5085628032684326
16952,8,0,0.723813533782959
16955,7,2,0.5698276162147522
16958,10,6,0.5785980224609375
16962,11,2,0.5439976453781128
16966,7,1,0.43490132689476013
16968,6,7,0.5141288042068481
16971,0,0,0.38655152916908264
16974,6,8,0.5060892701148987
16977,1,0,0.7111733555793762
16980,1,0,0.4668359160423279
16984,5,0,0.5769166946411133
16988,6,0,0.5511817336082458
16992,11,2,0.5868439674377441
16996,7,7,0.4423694312572479
16997,1,7,0.508902370929718
17000,6,8,0.5840134620666504
17004,5,7,0.5312862992286682
17007,6,0,0.4114183485507965
17011,7,1,0.6178919076919556
17015,6,0,0.40581008791923523
17018,13,0,0.42580270767211914
17022,1,0,0.5699384212493896
17026,2,0,0.3732413947582245
17029,6,0,0.49032118916511536
17032,6,0,0.5670557618141174
17036,13,0,0.295825332403183
17039,6,0,0.6643470525741577
17043,13,0,0.598916232585907
17046,0,0,0.7102807760238647
17050,7,2,0.5797801613807678
17054,5,0,0.3803626596927643
17058,7,0,0.6726687550544739
17062,3,0,0.48797696828842163
17065,9,9,0.3699742555618286
17068,11,2,0.5650742053985596
17072,6,0,0.335625559091568
17076,7,2,0.5584900975227356
17079,7,1,0.5025568008422852
17083,5,7,0.5134203433990479
17087,0,0,0.6426736116409302
17088,7,7,0.5072587728500366
17091,11,2,0.5730975866317749
17095,1,5,0.4262393116950989
17099,1,0,0.41897308826446533
17102,5,7,0.4713197946548462
17106,8,0,0.6469041109085083
17109,7,0,0.6581152677536011
17113,9,0,0.6827101707458496
17117,1,0,0.6187485456466675
17119,8,4,0.6268432140350342
17123,3,4,0.5136090517044067
17127,13,0,0.6727362275123596
17133,9,0,0.3548233211040497
17136,8,6,0.4287826716899872
17138,6,0,0.5527563095092773
17142,5,0,0.5693042874336243
17146,10,6,0.5959921479225159
17149,3,0,0.4412640631198883
17157,5,0,0.6538218259811401
17161,7,6,0.6330586075782776
17164,10,6,0.6055519580841064
17171,9,0,0.39550837874412537
17174,11,1,0.582200288772583
17178,6,0,0.6556822061538696
17181,8,0,0.41655465960502625
17183,7,2,0.5813055634498596
17187,9,6,0.6090999841690063
17191,9,9,0.3906007409095764
17199,7,4,0.4922063648700714
17202,11,1,0.5788276195526123
17206,1,7,0.3765307068824768
17210,1,7,0.6204116940498352
17214,9,0,0.4779307544231415
17218,9,0,0.32600468397140503
17221,8,6,0.50668865442276
17224,10,2,0.6058022379875183
17227,0,0,0.6578952670097351
17230,13,0,0.6645137071609497
17234,7,2,0.6757075190544128
17237,13,0,0.5758268237113953
17240,5,7,0.4387918710708618
17241,7,1,0.4263841211795807
17244,6,0,0.6339245438575745
17248,4,5,0.5627013444900513
17252,9,0,0.4044027030467987
17256,8,0,0.42181622982025146
17259,1,0,0.4293510317802429
17260,9,6,0.4803018867969513
17264,9,0,0.6157596707344055
17267,3,7,0.4580542743206024
17271,3,0,0.6797580122947693
17274,5,0,0.3285994231700897
17278,1,7,0.596877932548523
17281,5,0,0.4028645157814026
17284,3,2,0.6100192070007324
17288,4,1,0.625258207321167
17291,14,0,0.5720796585083008
17298,9,0,0.6592745184898376
17305,8,0,0.6917799711227417
17306,8,0,0.7076398134231567
17317,1,7,0.4742521345615387
17321,1,7,0.5208730697631836
17325,8,0,0.6557692289352417
17332,8,0,0.6252363324165344
17335,3,7,0.3970707952976227
17339,14,0,0.6300910711288452
17343,12,0,0.5131483674049377
17345,3,0,0.49385982751846313
17348,9,0,0.5880152583122253
17356,8,0,0.6977415084838867
17359,1,7,0.6087574362754822
17360,8,0,0.4448125660419464
17363,9,0,0.65294349193573
17373,13,0,0.6840086579322815
17376,3,0,0.5978625416755676
17379,9,0,0.6832146048545837
17383,4,4,0.6500693559646606
17386,7,1,0.6074945330619812
17390,13,0,0.3070911467075348
17394,4,4,0.57535719871521
17398,6,0,0.36324256658554077
17402,6,0,0.36236771941185
17406,6,0,0.5115751624107361
17407,6,7,0.45528510212898254
17410,8,0,0.6919324994087219
17413,9,0,0.6426739692687988
17416,1,7,0.46079373359680176
17419,5,0,0.4500093460083008
17423,0,0,0.53154456615448
17426,9,0,0.38750624656677246
17429,6,0,0.32764527201652527
17432,8,0,0.6623895168304443
17435,4,2,0.5601722002029419
17438,11,1,0.5966870784759521
17441,7,1,0.5905380845069885
17444,6,0,0.36282458901405334
17448,4,1,0.5934451222419739
17452,1,0,0.48178353905677795
17456,11,1,0.4364379644393921
17460,4,1,0.6281496286392212
17463,8,0,0.7027503252029419
17466,1,7,0.5490732192993164
17470,2,0,0.3253753185272217
17474,6,0,0.5848714709281921
17478,0,0,0.36025017499923706
17483,11,2,0.5808852314949036
17487,1,7,0.4315994381904602
17490,8,7,0.5005266070365906
17496,6,0,0.3579637110233307
17499,13,0,0.5939055681228638
17502,5,0,0.6365396976470947
17506,10,6,0.6195470690727234
17509,6,9,0.3800545036792755
17512,11,3,0.5663355588912964
17515,8,0,0.6882222890853882
17518,6,9,0.31734898686408997
17522,6,0,0.6362713575363159
17526,13,0,0.44750210642814636
17530,9,6,0.5000327229499817
17533,3,0,0.38129177689552307
17537,8,0,0.5996209383010864
17541,10,2,0.5938320159912109
17545,8,0,0.6082340478897095
17546,8,6,0.6501821875572205
17550,0,0,0.511211633682251
17554,11,2,0.5689934492111206
17557,8,0,0.6021754145622253
17560,5,9,0.3383687436580658
17564,13,0,0.4881425201892853
17568,5,0,0.4663257896900177
17572,13,0,0.400237113237381
17575,9,0,0.6773499250411987
17578,6,9,0.3505086302757263
17581,10,2,0.6241499781608582
17584,4,1,0.5907793045043945
17588,11,1,0.5975354909896851
17591,11,1,0.5653170943260193
17594,8,0,0.593235969543457
17598,8,0,0.4344082772731781
17599,0,0,0.584272563457489
17603,0,0,0.769993007183075
17606,6,0,0.35106393694877625
17610,7,1,0.4596977233886719
17614,7,1,0.45877763628959656
17617,0,0,0.5881683826446533
17621,9,0,0.6735332012176514
17625,5,0,0.32238397002220154
17629,7,1,0.4601783752441406
17633,6,0,0.49736884236335754
17636,4,0,0.6855411529541016
17639,4,0,0.6584214568138123
17642,6,0,0.3261377215385437
17646,0,0,0.342116117477417
17650,4,0,0.6833083629608154
17654,8,0,0.6007973551750183
17658,0,2,0.5651808977127075
17662,5,0,0.47411972284317017
17665,3,7,0.4921388328075409
17669,4,4,0.6279212832450867
17672,0,0,0.45966535806655884
17674,4,0,0.6415616869926453
17678,5,0,0.5123736262321472
17682,4,0,0.6653681993484497
17685,0,0,0.5750060677528381
17689,3,7,0.4609522521495819
17692,5,0,0.612671971321106
17696,10,2,0.47023633122444153
17700,1,0,0.4732321500778198
17703,0,0,0.5932180285453796
17706,0,0,0.48177075386047363
17710,9,0,0.6777206063270569
17714,1,0,0.4785938858985901
17718,1,0,0.6011785864830017
17721,3,9,0.5197010040283203
17724,7,4,0.6354308724403381
17728,9,0,0.5346090793609619
17731,1,0,0.46855753660202026
17736,1,9,0.4494745433330536
17740,12,0,0.5016987323760986
17743,12,6,0.5607398748397827
17746,1,7,0.4458085298538208
17749,12,0,0.6088155508041382
17752,5,0,0.6629259586334229
17756,1,0,0.4786498248577118
17759,3,7,0.4560249447822571
17763,1,0,0.3988548219203949
17765,11,4,0.5539249777793884
17768,14,0,0.6407443284988403
17771,4,0,0.6459376811981201
17775,11,8,0.5073611736297607
17778,3,0,0.5660509467124939
17781,1,0,0.49609246850013733
17785,13,0,0.725457489490509
17789,4,2,0.6033575534820557
17793,2,0,0.40924540162086487
17797,11,2,0.5784969329833984
17800,7,1,0.5910846590995789
17804,7,1,0.4621668756008148
17807,11,2,0.5725570917129517
17811,4,2,0.6463620066642761
17814,0,0,0.37724316120147705
17818,0,0,0.41603735089302063
17820,4,0,0.675724446773529
17823,2,0,0.4644465148448944
17826,11,1,0.5617934465408325
17830,13,0,0.5305410623550415
17834,1,0,0.638968825340271
17838,4,1,0.6265228986740112
17839,13,0,0.7319319248199463
17842,8,0,0.6817101836204529
17846,13,0,0.3684890568256378
17850,0,0,0.5793389081954956
17854,13,0,0.6566522717475891
17857,1,0,0.4689812660217285
17861,13,0,0.4043600559234619
17863,5,0,0.5548421740531921
17867,4,5,0.5897961258888245
17871,1,0,0.43708738684654236
17875,11,1,0.6089707016944885
17879,11,2,0.6192845702171326
17883,1,0,0.3868067264556885
17886,6,0,0.40530574321746826
17890,13,0,0.3908666968345642
17893,11,1,0.5531209111213684
17897,6,0,0.6187270879745483
17900,6,0,0.6084733009338379
17904,4,6,0.5761181116104126
17912,1,0,0.6488423347473145
17916,6,9,0.5149993896484375
17919,6,8,0.3896573483943939
17923,3,7,0.4588039517402649
17926,7,2,0.602324366569519
17929,7,2,0.5893739461898804
17930,7,1,0.45473700761795044
17933,9,0,0.610950767993927
17937,1,9,0.4883023798465729
17940,11,1,0.5242321491241455
17944,13,0,0.42717909812927246
17947,10,6,0.6507365107536316
17948,8,0,0.6292855739593506
17952,7,2,0.5149542093276978
17955,6,8,0.4826038181781769
17958,7,1,0.5944344401359558
17962,12,0,0.43880385160446167
17966,7,0,0.6889342665672302
17970,7,0,0.48742353916168213
17974,7,0,0.6793190240859985
17977,11,2,0.5862441062927246
17981,9,0,0.4251818358898163
17985,6,0,0.5424743890762329
17988,8,0,0.6463100910186768
17992,7,1,0.3808715343475342
17995,1,0,0.4674951732158661
17998,3,0,0.4571872651576996
18001,6,0,0.34799882769584656
18004,5,0,0.5869417786598206
18007,11,2,0.4400438070297241
18010,5,0,0.5289495587348938
18014,9,0,0.6590296626091003
18017,13,0,0.6495909094810486
18020,5,0,0.5164074897766113
18024,1,0,0.5268840193748474
18027,9,0,0.6801789999008179
18031,4,0,0.6368822455406189
18034,1,0,0.5900099277496338
18037,9,0,0.2864212393760681
18040,8,0,0.6546436548233032
18043,9,0,0.41669806838035583
18047,1,0,0.41034531593322754
18051,4,4,0.568514883518219
18055,3,9,0.5044792890548706
18059,13,0,0.6049513816833496
18062,13,0,0.5806601047515869
18065,7,7,0.6242042779922485
18068,4,0,0.6527937054634094
18071,13,0,0.6069233417510986
18074,9,0,0.3174495995044708
18077,6,0,0.5294291377067566
18080,13,0,0.5223380923271179
18084,1,0,0.5849573016166687
18087,1,0,0.5563309192657471
18088,9,0,0.4473572075366974
18091,9,0,0.5139121413230896
18094,4,0,0.6320507526397705
18098,4,1,0.6254768371582031
18102,9,0,0.6313626170158386
18106,8,0,0.6963565945625305
18108,4,0,0.6760061979293823
18111,2,0,0.4735009968280792
18115,4,0,0.641493558883667
18119,7,0,0.6522616147994995
18125,9,0,0.6888229250907898
18127,8,0,0.40001755952835083
18131,4,4,0.5511893033981323
18135,5,0,0.39538639783859253
18139,4,1,0.6127052903175354
18143,7,4,0.6292572021484375
18146,1,5,0.4577666223049164
18150,1,7,0.45202013850212097
18153,6,0,0.4637810289859772
18157,13,0,0.3561704158782959
18161,10,2,0.5644192099571228
18164,13,0,0.5635647177696228
18167,1,7,0.5863317847251892
18168,7,1,0.43583524227142334
18172,6,8,0.48517119884490967
18176,11,2,0.5491677522659302
18180,0,0,0.6617510318756104
18183,6,9,0.6067669987678528
18187,8,0,0.6268470883369446
18191,13,0,0.5197577476501465
18194,7,1,0.4208792448043823
18197,6,0,0.403290331363678
18201,13,0,0.6152109503746033
18203,7,2,0.595170259475708
18206,7,6,0.6189190149307251
18210,13,0,0.5673757791519165
18213,10,6,0.5885065793991089
18216,13,0,0.7053318619728088
18219,1,0,0.479518860578537
18222,7,2,0.5799965262413025
18225,11,2,0.5644890069961548
18228,5,0,0.3307837247848511
18232,11,2,0.5442801117897034
18236,7,7,0.48975470662117004
18238,7,2,0.595170259475708
18242,13,0,0.6020869016647339
18245,1,0,0.5309866070747375
18248,5,0,0.3576447665691376
18252,11,2,0.5523971915245056
18256,9,0,0.302389532327652
18258,7,1,0.5104524493217468
18261,7,2,0.48640286922454834
18264,13,0,0.6413417458534241
18267,9,0,0.4089343547821045
18271,6,0,0.3783377408981323
18275,1,0,0.4695558547973633
18278,11,1,0.45597150921821594
18282,9,0,0.6500093340873718
18286,13,0,0.4680476188659668
18290,7,2,0.5521364212036133
18294,8,0,0.6654712557792664
18297,9,0,0.42118656635284424
18301,8,0,0.37760767340660095
18304,0,0,0.5935372710227966
18307,14,0,0.5288306474685669
18310,11,1,0.5422838926315308
18314,1,0,0.6359047293663025
18318,1,0,0.6410375237464905
18321,4,4,0.6172218322753906
18325,8,0,0.4144253730773926
18328,4,4,0.5784655809402466
18332,8,0,0.374706894159317
18335,9,0,0.5588059425354004
18339,1,0,0.6363916993141174
18347,8,0,0.42314082384109497
18350,9,0,0.3321220278739929
18354,13,0,0.665663480758667
18357,4,1,0.6144771575927734
18360,13,0,0.5063766837120056
18364,9,0,0.4126102924346924
18367,1,7,0.4716237783432007
18368,1,0,0.6945339441299438
18371,7,2,0.6334505081176758
18374,2,5,0.4716186821460724
18378,7,2,0.6318432688713074
18382,2,5,0.4934532046318054
18386,7,2,0.4016786813735962
18389,2,5,0.4737776219844818
18392,13,5,0.5582992434501648
18394,7,5,0.5252155065536499
18397,10,6,0.5830186605453491
18401,2,5,0.4569511115550995
18405,10,2,0.5689090490341187
18408,11,2,0.5177502632141113
18411,7,2,0.5594052672386169
18413,6,5,0.479290634393692
18416,2,0,0.42007026076316833
18420,2,5,0.46646150946617126
18424,1,0,0.6171461343765259
18428,2,5,0.5421633720397949
18432,0,0,0.3642691373825073
18435,10,6,0.6223563551902771
18439,1,5,0.46706828474998474
18442,7,5,0.5965107083320618
18446,6,8,0.6251462697982788
18447,2,0,0.3671591281890869
18451,2,5,0.5634639263153076
18454,2,5,0.6172330379486084
18458,2,0,0.3654528558254242
18461,2,5,0.521038830280304
18465,1,5,0.5725710391998291
18467,7,2,0.5685936212539673
18470,7,2,0.4999281167984009
18474,2,9,0.424519807100296
18477,0,0,0.6304842233657837
18481,11,1,0.5677552223205566
18483,8,6,0.6196778416633606
18486,3,7,0.43914520740509033
18490,3,4,0.45544764399528503
18494,12,6,0.4214942753314972
18497,12,0,0.6194115281105042
18500,14,0,0.5851473808288574
18501,3,0,0.6414920687675476
18504,11,2,0.5760301947593689
18507,7,4,0.6094884872436523
18510,12,4,0.5461704134941101
18513,3,6,0.46776726841926575
18515,3,6,0.45438578724861145
18518,3,6,0.4437803626060486
18521,10,6,0.6432133913040161
18524,3,4,0.44627195596694946
18527,3,6,0.553327739238739
18530,0,0,0.5967104434967041
18533,4,1,0.5549630522727966
18536,4,1,0.5491602420806885
18540,13,0,0.5590497851371765
18543,4,0,0.6219598650932312
18546,11,2,0.5445222854614258
18548,0,0,0.6795815825462341
18551,2,0,0.6849308609962463
18554,11,1,0.5565597414970398
18558,1,9,0.48108965158462524
18561,7,7,0.5054319500923157
18564,4,1,0.5709568858146667
18566,4,0,0.6618980765342712
18569,11,1,0.568731963634491
18572,11,1,0.5612343549728394
18576,0,0,0.5040652751922607
18579,4,0,0.6431131362915039
18583,7,1,0.482065886259079
18586,6,0,0.5619117021560669
18589,11,2,0.526542603969574
18593,11,1,0.4693029522895813
18596,11,1,0.4467359185218811
18599,1,0,0.5677990913391113
18603,11,1,0.5671485662460327
18606,11,2,0.5701594948768616
18608,0,0,0.5436275601387024
18612,7,4,0.6220048666000366
18616,4,2,0.62906813621521
18620,2,0,0.44909000396728516
18623,1,0,0.6000484228134155
18624,0,0,0.49529165029525757
18627,7,0,0.6274221539497375
18630,1,0,0.43738842010498047
18634,2,0,0.4013303220272064
18638,4,0,0.6215131878852844
18641,10,5,0.6084105968475342
18644,4,0,0.6274663805961609
18648,2,0,0.513071596622467
18652,13,0,0.5094375014305115
18656,5,0,0.451035737991333
18659,2,0,0.4239029288291931
18663,9,0,0.6246145963668823
18666,7,4,0.6313267946243286
18672,6,0,0.3247043490409851
18676,1,9,0.48974573612213135
18679,2,0,0.4222392141819
18682,7,0,0.6494277715682983
18683,7,2,0.5890344381332397
18687,7,5,0.43693938851356506
18691,10,2,0.607566773891449
18695,4,3,0.6230021715164185
18697,11,2,0.48555445671081543
18701,1,5,0.45191246271133423
18705,4,3,0.6363077759742737
18708,4,2,0.6226898431777954
18711,11,2,0.4652758836746216
18714,4,3,0.6376968622207642
18716,5,0,0.5352247953414917
18720,11,2,0.5688529014587402
18723,10,4,0.5461727380752563
18727,10,4,0.5749301314353943
18731,6,0,0.5977597832679749
18732,11,1,0.4294053614139557
18736,0,0,0.4844057857990265
18740,11,1,0.5701525211334229
18743,10,4,0.5748119354248047
18747,7,7,0.4766734540462494
18751,13,0,0.5000883340835571
18755,6,5,0.5456092953681946
18759,1,7,0.5836093425750732
18760,12,0,0.407945841550827
18763,7,7,0.4490063488483429
18767,13,0,0.6527000665664673
18770,11,3,0.4821827709674835
18773,1,0,0.37915241718292236
18776,0,0,0.4992104172706604
18779,8,0,0.6439226269721985
18783,6,0,0.3679727017879486
18786,0,0,0.4211607277393341
18790,1,0,0.5521758198738098
18793,6,0,0.48317885398864746
18796,8,4,0.6052910685539246
18800,7,7,0.44258153438568115
18803,1,7,0.5460811257362366
18807,1,7,0.4705275893211365
18811,7,4,0.5951876640319824
18815,6,0,0.5619260668754578
18818,13,0,0.3413237929344177
18822,3,7,0.581173837184906
18826,7,0,0.6660969257354736
18830,6,0,0.4153458774089813
18833,13,0,0.5432671308517456
18836,13,0,0.4165671765804291
18843,6,0,0.4728703200817108
18846,1,0,0.631316065788269
18849,10,2,0.5888225436210632
18853,5,0,0.5833031535148621
18857,7,0,0.6650147438049316
18858,7,1,0.47417181730270386
18862,0,0,0.680870532989502
18865,0,0,0.44500482082366943
18869,10,2,0.4487054646015167
18876,9,0,0.4527360200881958
18879,3,0,0.4534207582473755
18882,10,4,0.6164918541908264
18886,12,0,0.6662856340408325
18890,8,5,0.49168291687965393
18894,0,0,0.541343629360199
18898,8,8,0.5355327725410461
18901,13,0,0.6342188119888306
18904,7,0,0.6477123498916626
18907,7,4,0.4847481846809387
18911,0,0,0.6081862449645996
18914,6,7,0.5207551717758179
18917,3,6,0.5590118169784546
18920,9,6,0.43408501148223877
18924,3,0,0.6566453576087952
18928,10,6,0.6455641984939575
18932,3,7,0.46389269828796387
18936,0,0,0.6450398564338684
18940,0,0,0.5826862454414368
18943,8,6,0.5034458637237549
18944,8,6,0.6321475505828857
18948,10,6,0.5981683135032654
18955,6,0,0.6518520712852478
18958,13,0,0.570357084274292
18959,7,0,0.6189554333686829
18962,6,0,0.5020997524261475
18965,10,2,0.6139487624168396
18968,6,9,0.5926986932754517
18972,1,9,0.4665232002735138
18973,8,0,0.48114240169525146
18977,13,0,0.6800879836082458
18981,14,0,0.5575400590896606
18985,1,0,0.5980096459388733
18989,8,0,0.6366257667541504
18992,1,9,0.43171244859695435
18995,13,0,0.6395589113235474
18998,1,7,0.5271974802017212
19002,9,0,0.5484536290168762
19006,0,0,0.6272618770599365
19009,9,0,0.5307069420814514
19010,9,0,0.40887129306793213
19014,8,0,0.7238376140594482
19018,7,0,0.6388717293739319
19021,9,0,0.41749265789985657
19024,4,0,0.5916785001754761
19028,0,0,0.6368798613548279
19029,0,0,0.5109831094741821
19030,7,4,0.5983957052230835
19033,0,0,0.46023452281951904
19037,2,5,0.6385185718536377
19040,13,5,0.469163715839386
19043,6,7,0.42392411828041077
19046,1,0,0.6595579385757446
19050,7,2,0.5631105899810791
19054,0,0,0.48256218433380127
19057,0,0,0.4494982361793518
19060,10,2,0.5648483633995056
19064,11,2,0.5709944367408752
19065,2,0,0.4769250452518463
19068,0,0,0.6433881521224976
19071,5,0,0.5695353746414185
19075,6,5,0.5217021703720093
19078,7,2,0.6125012636184692
19082,7,2,0.6416200995445251
19083,2,0,0.6320562958717346
19087,4,1,0.5447416305541992
19090,4,0,0.6894214153289795
19094,2,0,0.41822099685668945
19097,4,1,0.4603617191314697
19104,2,0,0.43706920742988586
19108,2,0,0.4825113117694855
19109,1,0,0.5552997589111328
19113,11,0,0.4885386824607849
19117,1,0,0.6429862380027771
19121,13,0,0.6683948636054993
19124,8,0,0.6916426420211792
19128,3,0,0.4220919907093048
19129,3,0,0.5349497199058533
19133,1,0,0.6011785864830017
19136,9,0,0.5414747595787048
19140,1,0,0.5496580004692078
19144,8,0,0.6791810393333435
19147,13,0,0.6641858220100403
19151,4,0,0.6240105628967285
19153,13,0,0.6903234720230103
19156,10,4,0.5564953684806824
19160,2,0,0.557405948638916
19164,1,0,0.6396607160568237
19167,1,0,0.45404252409935
19171,8,0,0.6907761096954346
19175,3,5,0.5026165246963501
19179,1,0,0.508830726146698
19182,13,0,0.5249101519584656
19186,4,0,0.6293931007385254
19189,14,0,0.5318349599838257
19192,1,0,0.5532099008560181
19195,1,0,0.6492447257041931
19201,12,0,0.5329073667526245
19205,1,0,0.4493377208709717
19208,0,0,0.5276914238929749
19211,2,0,0.35636910796165466
19214,11,4,0.5465551018714905
19217,11,4,0.48979973793029785
19219,8,0,0.7314638495445251
19225,1,0,0.4749407172203064
19228,1,0,0.5034263134002686
19231,4,0,0.6462112069129944
19234,9,0,0.40079256892204285
19236,7,0,0.671360969543457
19240,9,0,0.315766304731369
19244,13,0,0.4172399044036865
19248,5,7,0.45199668407440186
19252,13,0,0.44457775354385376
19255,13,0,0.6733315587043762
19259,4,1,0.593144953250885
19262,9,0,0.45767396688461304
19264,8,7,0.46600696444511414
19268,9,0,0.6735332012176514
19272,4,0,0.6891859769821167
19276,5,0,0.5578948259353638
19279,4,0,0.6035570502281189
19281,8,7,0.5294753313064575
19284,0,0,0.5622373819351196
19288,1,0,0.5198990106582642
19292,6,0,0.5297864675521851
19296,8,0,0.49180081486701965
19299,4,0,0.6573663949966431
19301,8,0,0.4192022681236267
19305,2,0,0.42130276560783386
19309,13,0,0.6117648482322693
19312,13,0,0.5200875997543335
19315,8,4,0.6243053674697876
19319,1,0,0.6316007971763611
19323,4,0,0.6523932218551636
19326,1,9,0.5459757447242737
19330,8,0,0.5936081409454346
19333,4,0,0.6269697546958923
19337,0,0,0.620136559009552
19338,1,0,0.5275318026542664
19341,4,1,0.5579834580421448
19344,11,1,0.4705028235912323
19351,2,0,0.4228411316871643
19354,11,1,0.4854811131954193
19357,11,1,0.48521021008491516
19360,6,9,0.472246378660202
19366,6,0,0.5861867666244507
19370,11,1,0.5467825531959534
19372,4,0,0.6317931413650513
19375,13,0,0.6749674677848816
19379,4,2,0.5805438756942749
19383,4,2,0.589289128780365
19385,1,0,0.6171311140060425
19389,0,0,0.40234458446502686
19393,4,1,0.5479124188423157
19397,2,0,0.3985161781311035
19400,4,0,0.6430569887161255
19404,13,0,0.5284884572029114
20000,7,4,0.6500290036201477
20001,7,4,0.6533834934234619
20002,11,1,0.5431782007217407
20003,0,0,0.5576052665710449
20004,1,7,0.5301768183708191
20005,13,0,0.36773473024368286
20006,7,1,0.617361843585968
20007,9,0,0.40419694781303406
20008,1,7,0.46387553215026855
20009,6,0,0.3081294596195221
20010,5,7,0.5175354480743408
20011,0,0,0.6069642901420593
20012,7,4,0.6358578205108643
20013,13,0,0.5193104147911072
20014,11,1,0.46159467101097107
20015,1,0,0.6323904991149902
20016,5,9,0.49892953038215637
20017,1,7,0.5156564116477966
20018,0,0,0.44196486473083496
20019,1,0,0.6279779076576233
20020,1,0,0.6223331689834595
20021,4,0,0.623818576335907
20022,5,9,0.44175612926483154
20023,8,0,0.7209176421165466
20024,5,0,0.5623425841331482
20025,11,2,0.5674626231193542
20026,6,8,0.4675458073616028
20027,14,0,0.5133695006370544
20028,1,0,0.5472845435142517
20029,7,7,0.5152349472045898
20030,9,0,0.6406360864639282
20031,13,5,0.49518030881881714
20032,6,9,0.5063371062278748
20033,1,9,0.5209975838661194
20034,0,0,0.5070435404777527
20035,4,0,0.6359748244285583
20036,1,8,0.44908612966537476
20037,4,0,0.5916785001754761
20038,13,0,0.7110541462898254
20039,6,0,0.6624329090118408
20040,8,0,0.6885917782783508
20041,4,1,0.5803463459014893
20042,5,0,0.27754834294319153
20043,2,5,0.42016172409057617
20044,6,0,0.44077491760253906
20045,5,0,0.5575709939002991
20046,6,0,0.3466733694076538
20047,6,0,0.3755224049091339
20048,5,9,0.49194657802581787
20049,13,0,0.617397129535675
20050,3,5,0.5626137256622314
20051,4,1,0.5251384973526001
20052,9,9,0.3985476493835449
20053,12,6,0.5828264951705933
20054,11,0,0.4365846514701843
20055,2,0,0.5829783082008362
20056,2,0,0.4895390570163727
20057,3,2,0.5037332773208618
20058,11,2,0.4433754086494446
20059,5,9,0.521122395992279
20060,5,0,0.4561934769153595
20061,0,0,0.6411519050598145
20062,0,0,0.5206482410430908
20063,5,8,0.48574015498161316
20064,0,0,0.5763607621192932
20065,12,0,0.5918036103248596
20066,1,0,0.4813470244407654
20067,2,0,0.3702299892902374
20068,13,0,0.6621205806732178
20069,13,0,0.5624334812164307
20070,5,0,0.4319525361061096
20071,1,0,0.41421014070510864
20072,6,0,0.5125447511672974
20073,9,0,0.371955543756485
20074,14,0,0.5558751821517944
20075,1,0,0.4786677956581116
20076,4,0,0.38860559463500977
20077,4,0,0.5768545866012573
20078,9,0,0.4844840168952942
20079,4,0,0.6563212275505066
20080,13,0,0.5662760734558105
20081,13,0,0.45170411467552185
20082,13,0,0.5243021249771118
20083,4,1,0.4560982286930084
20084,7,5,0.45076921582221985
20085,3,7,0.4959993064403534
20086,6,9,0.5412940382957458
20087,1,0,0.46094661951065063
20088,10,6,0.40874242782592773
20089,4,1,0.5500853061676025
20090,3,4,0.669212281703949
20091,6,0,0.6054395437240601
20092,4,2,0.6353434324264526
20093,5,0,0.5204096436500549
20094,13,0,0.4714052975177765
20095,13,0,0.7077597379684448
20096,2,0,0.37000447511672974
20097,3,7,0.5220469832420349
20098,8,0,0.6817519068717957
20099,4,0,0.6552216410636902
20100,0,0,0.6166889667510986
20101,3,9,0.6144974827766418
20102,0,0,0.5197640061378479
20103,2,0,0.3849600851535797
20104,13,0,0.5953776240348816
20105,14,0,0.5545414686203003
20106,6,0,0.42819464206695557
20107,5,0,0.5855612754821777
20108,7,7,0.4883911907672882
20109,3,4,0.4367523789405823
20110,6,0,0.4374438226222992
20111,13,0,0.4847595989704132
20112,4,0,0.6480218768119812
20113,3,7,0.4878387749195099
20114,1,7,0.42148739099502563
20115,9,0,0.7196505069732666
20116,1,0,0.41771331429481506
20117,4,0,0.6677163243293762
20118,9,6,0.427224338054657
20119,13,0,0.49006080627441406
20120,12,7,0.45980584621429443
20121,7,7,0.6178486943244934
20122,12,4,0.58005291223526
20123,7,0,0.5267589688301086
20124,1,0,0.4054708480834961
20125,1,0,0.527122437953949
20126,4,2,0.5946610569953918
20127,6,0,0.4094528257846832
20128,1,0,0.4175786077976227
20129,7,7,0.5867250561714172
20130,14,0,0.4712453782558441
20131,7,0,0.6083871722221375
20132,1,0,0.6739126443862915
20133,7,4,0.6127581596374512
20134,4,0,0.6370787024497986
20135,6,9,0.3812067210674286
20136,2,5,0.5381269454956055
20137,0,0,0.5540154576301575
20138,5,0,0.5439652800559998
20139,6,0,0.3134344518184662
20140,0,0,0.34301358461380005
20141,0,0,0.5820351839065552
20142,11,2,0.5837933421134949
20143,6,0,0.6345778107643127
20144,8,6,0.6283683180809021
20145,11,2,0.5405827164649963
20146,4,2,0.6175636649131775
20147,2,0,0.42057040333747864
20148,7,1,0.6350432634353638
20149,13,0,0.6999391317367554
20150,7,1,0.5917152762413025
20151,13,0,0.5816290378570557
20152,5,0,0.39331623911857605
20153,3,0,0.4347285032272339
20154,6,0,0.3088392913341522
20155,5,0,0.5588841438293457
20156,6,0,0.5088018178939819
20157,6,0,0.3566375970840454
20158,9,0,0.7132970690727234
20159,9,8,0.37945887446403503
20160,0,0,0.5182557702064514
20161,4,7,0.442805677652359
20162,0,0,0.5515024662017822
20163,9,6,0.4655657410621643
20164,7,2,0.5231707096099854
20165,4,4,0.627479076385498
20166,3,0,0.432461678981781
20167,1,0,0.4205682873725891
20168,4,4,0.6554720401763916
20169,6,0,0.5838233828544617
20170,8,7,0.5243861079216003
20171,6,0,0.37213027477264404
20172,7,2,0.4683920741081238
20173,9,6,0.4980628788471222
20174,6,5,0.5579450130462646
20175,4,0,0.6946738362312317
20176,5,0,0.6320510506629944
20177,4,0,0.38928213715553284
20178,10,0,0.6221673488616943
20179,0,5,0.5139996409416199
20180,6,0,0.5356457829475403
20181,1,7,0.4974612891674042
20182,1,0,0.44394129514694214
20183,8,0,0.6238192915916443
20184,6,0,0.4119296073913574
20185,6,0,0.5753231048583984
20186,0,0,0.4061504900455475
20187,9,0,0.4718096852302551
20188,13,0,0.6149625182151794
20189,5,0,0.35288533568382263
20190,13,0,0.35145917534828186
20191,6,0,0.3764405846595764
20192,9,0,0.6021279096603394
20193,9,0,0.6198359727859497
20194,0,0,0.39196398854255676
20195,13,0,0.5749326944351196
20196,7,1,0.5049222707748413
20197,1,0,0.5545722842216492
20198,4,0,0.693184494972229
20199,11,1,0.5215880274772644
20200,11,3,0.5753219127655029
20201,7,1,0.6163452863693237
20202,13,0,0.4367905557155609
20203,6,0,0.3788927495479584
20204,10,6,0.4972502589225769
20205,1,0,0.44082218408584595
20206,8,0,0.6287494897842407
20207,2,9,0.44137001037597656
20208,3,7,0.511259913444519
20209,5,0,0.6163086295127869
20210,1,9,0.47822636365890503
20211,6,0,0.65770423412323
20212,1,0,0.4196743667125702
20213,10,4,0.6133363842964172
20214,1,0,0.5775289535522461
20215,4,0,0.5918090343475342
20216,0,0,0.3840201199054718
20217,7,7,0.5008119344711304
20218,1,9,0.6085739135742188
20219,13,0,0.615692675113678
20220,0,0,0.6501926183700562
20221,9,0,0.6003894805908203
20222,13,0,0.6547667980194092
20223,7,2,0.4362166225910187
20224,1,7,0.5197688341140747
20225,3,0,0.37459418177604675
20226,10,6,0.5527846813201904
20227,1,7,0.47924160957336426
20228,9,0,0.3416048288345337
20229,0,0,0.47681909799575806
20230,7,1,0.48203298449516296
20231,5,0,0.3502929210662842
20232,11,2,0.6056519746780396
20233,2,0,0.5288591980934143
20234,11,2,0.5975497961044312
20235,1,7,0.4758930206298828
20236,2,5,0.4514618515968323
20237,2,0,0.33856120705604553
20238,13,0,0.5802488923072815
20239,4,2,0.6106545329093933
20240,0,0,0.5046883821487427
20241,2,0,0.34536340832710266
20242,9,0,0.749159038066864
20243,3,7,0.42023009061813354
20244,9,0,0.6526487469673157
20245,3,0,0.5138106346130371
20246,6,0,0.4347091317176819
20247,2,0,0.38242393732070923
20248,4,1,0.6012758612632751
20249,6,0,0.44028761982917786
20250,6,0,0.6268374919891357
20251,4,2,0.6539873480796814
20252,9,5,0.6345612406730652
20253,7,4,0.657769501209259
20254,0,0,0.579177975654602
20255,1,0,0.46182408928871155
20256,7,7,0.4462337791919708
20257,5,0,0.5541885495185852
20258,1,5,0.4520316421985626
20259,2,0,0.5057333707809448
20260,6,0,0.6307736039161682
20261,4,0,0.6258206367492676
20270,3,0,0.4710923135280609
20272,8,0,0.6345981359481812
20275,5,0,0.4103793203830719
20277,7,0,0.6687402129173279
20280,6,0,0.30382755398750305
20282,6,0,0.37905895709991455
20285,9,0,0.694059431552887
20287,13,0,0.43563100695610046
20288,1,0,0.6732284426689148
20291,6,0,0.32846692204475403
20293,5,0,0.3951030969619751
20295,3,4,0.43651601672172546
20298,8,6,0.4367613196372986
20300,9,0,0.7502885460853577
20303,10,4,0.4483904242515564
20305,3,7,0.5050823092460632
20307,9,0,0.6835945248603821
20309,5,0,0.5029876232147217
20311,9,0,0.7416580319404602
20314,0,0,0.6250011324882507
20317,8,0,0.4805057644844055
20319,5,0,0.4942660331726074
20321,6,7,0.5119243860244751
20324,0,0,0.7042178511619568
20326,5,8,0.4153926968574524
20328,7,0,0.6043917536735535
20330,4,4,0.6493089199066162
20333,5,0,0.4511435329914093
20336,11,2,0.5879269242286682
20337,2,0,0.4208478033542633
20339,5,0,0.5736103057861328
20342,7,4,0.6271969079971313
20344,4,4,0.5449551343917847
20346,9,0,0.3760567903518677
20348,4,4,0.6181131601333618
20351,13,0,0.43007105588912964
20353,3,0,0.5378801226615906
20356,4,3,0.637157678604126
20357,0,0,0.5772985816001892
20360,8,0,0.536558210849762
20362,13,0,0.5270399451255798
20365,0,0,0.3877328932285309
20367,8,0,0.4955076277256012
20369,2,0,0.33214738965034485
20371,13,0,0.6680513620376587
20374,5,0,0.4918507933616638
20376,8,0,0.3888387382030487
20377,5,0,0.49724236130714417
20379,6,0,0.36926695704460144
20381,5,0,0.43097081780433655
20383,6,7,0.44367116689682007
20386,9,0,0.6537136435508728
20388,8,0,0.5852831602096558
20390,5,0,0.5134011507034302
20393,0,0,0.4566660225391388
20395,7,0,0.6419408321380615
20396,5,0,0.5252192616462708
20399,5,8,0.4835139214992523
20401,8,0,0.5905654430389404
20403,8,0,0.48605695366859436
20405,7,7,0.6296281814575195
20407,4,4,0.5817920565605164
20410,6,0,0.3329448997974396
20412,0,0,0.45798030495643616
20414,7,0,0.6419408321380615
20415,13,0,0.7050474286079407
20418,5,0,0.47552573680877686
20421,4,0,0.6438441872596741
20423,9,0,0.6380327939987183
20425,0,0,0.3392255902290344
20428,8,0,0.3812822103500366
20430,7,1,0.4465148150920868
20432,0,0,0.626075029373169
20434,4,4,0.5904127359390259
20435,7,1,0.45169955492019653
20438,9,0,0.3895958364009857
20441,4,2,0.5728652477264404
20444,9,6,0.4626188278198242
20446,8,9,0.44704028964042664
20448,9,0,0.4058191478252411
20451,3,0,0.5280372500419617
20452,5,0,0.5437894463539124
20454,3,0,0.46034714579582214
20457,5,0,0.4683919847011566
20460,1,5,0.47878530621528625
20462,4,5,0.5786097645759583
20464,6,0,0.39119699597358704
20466,5,0,0.5201122164726257
20469,8,0,0.436885267496109
20471,8,0,0.6637213230133057
20472,5,0,0.48560214042663574
20474,0,0,0.5451615452766418
20476,8,0,0.5836646556854248
20478,1,0,0.39283454418182373
20481,6,0,0.5214728116989136
20483,8,6,0.5585567951202393
20486,3,7,0.48859333992004395
20488,5,0,0.5436415076255798
20490,5,0,0.592897355556488
20493,0,0,0.6281624436378479
20495,13,0,0.3258756995201111
20498,9,0,0.6435442566871643
20501,7,4,0.5830549597740173
20503,7,1,0.4237050712108612
20505,7,4,0.5844825506210327
20508,0,0,0.3887106776237488
20510,0,0,0.33885031938552856
20512,5,8,0.4902788996696472
20514,0,0,0.5832322239875793
20516,13,0,0.6090641021728516
20519,5,0,0.6046726107597351
20522,5,7,0.4663110673427582
20524,0,0,0.34495583176612854
20526,0,0,0.4622926115989685
20528,5,0,0.5682459473609924
20530,7,4,0.6324319839477539
20532,7,2,0.5090371370315552
20534,10,4,0.6261598467826843
20536,5,0,0.49591436982154846
20538,7,1,0.4424017667770386
20540,0,0,0.4726830720901489
20543,0,0,0.49309736490249634
20546,0,0,0.5755730867385864
20547,0,0,0.5258128046989441
20549,0,0,0.5194786787033081
20551,5,0,0.5693995952606201
20553,6,8,0.469402939081192
20556,5,0,0.5392525792121887
20558,1,8,0.4136982262134552
20560,6,0,0.4200308620929718
20562,3,0,0.5834201574325562
20563,0,0,0.49471306800842285
20566,7,1,0.4435008764266968
20568,1,0,0.5752855539321899
20570,9,0,0.4115581214427948
20572,1,4,0.5175144076347351
20574,13,0,0.533784031867981
20577,3,0,0.5826517343521118
20579,10,6,0.4624023735523224
20582,0,0,0.54864501953125
20584,7,2,0.6096261739730835
20587,3,0,0.6044910550117493
20589,13,4,0.6593676209449768
20592,13,0,0.48499009013175964
20594,13,0,0.45651254057884216
20596,10,6,0.4338083565235138
20599,11,5,0.4916956424713135
20601,7,4,0.4742640554904938
20603,5,9,0.3972785472869873
20606,13,0,0.3569563627243042
20609,3,0,0.483344703912735
20612,9,0,0.6741540431976318
20614,0,0,0.640336811542511
20616,13,0,0.43974775075912476
20618,9,6,0.6052278280258179
20620,3,0,0.564850389957428
20621,1,5,0.4882666766643524
20624,0,0,0.43608152866363525
20626,9,0,0.6866515278816223
20628,9,0,0.3875565528869629
20630,9,0,0.7132970690727234
20632,0,0,0.6307360529899597
20634,9,0,0.7078238129615784
20636,0,0,0.5504400730133057
20639,5,0,0.47468194365501404
20640,3,0,0.4763071835041046
20642,5,9,0.4018188416957855
20645,6,0,0.3263108432292938
20647,3,7,0.48262280225753784
20649,9,0,0.44042325019836426
20651,0,0,0.5117524862289429
20654,13,0,0.6847967505455017
20656,10,2,0.48418334126472473
20657,10,6,0.42298319935798645
20659,5,0,0.40603333711624146
20662,3,0,0.5598629713058472
20664,5,0,0.5447548031806946
20666,5,0,0.4649414122104645
20669,9,0,0.469961941242218
20672,7,0,0.4276464283466339
20674,0,0,0.5116231441497803
20676,9,9,0.4494572877883911
20678,3,7,0.48903483152389526
20681,8,0,0.4287508428096771
20683,0,0,0.4946553707122803
20686,9,6,0.4524795114994049
20688,9,0,0.555339515209198
20691,3,0,0.5827211737632751
20694,10,4,0.5759878158569336
20697,0,0,0.5343884825706482
20700,0,0,0.580414891242981
20703,0,0,0.615544855594635
20704,5,7,0.40917694568634033
20706,3,7,0.43264493346214294
20709,3,7,0.43363139033317566
20712,4,2,0.602784276008606
20715,5,0,0.41199958324432373
20718,3,0,0.552155613899231
20720,9,0,0.41338050365448
20722,6,0,0.33394646644592285
20725,10,4,0.6157523393630981
20728,6,0,0.3436274230480194
20731,9,0,0.3700246512889862
20734,8,6,0.4654078483581543
20736,6,0,0.672272264957428
20737,0,0,0.4990801513195038
20739,8,6,0.44193318486213684
20741,8,6,0.47039327025413513
20743,6,0,0.5588817596435547
20745,3,0,0.42945289611816406
20748,5,0,0.4656648635864258
20750,5,0,0.4905698001384735
20752,3,0,0.5389218926429749
20754,9,0,0.43853330612182617
20756,13,0,0.6321765780448914
20758,4,2,0.6163766980171204
20760,7,7,0.5490874648094177
20763,1,5,0.3761788010597229
20765,7,4,0.6261674165725708
20767,13,5,0.453000545501709
20770,9,0,0.5932874083518982
20773,9,6,0.4846968650817871
20775,4,5,0.6256561875343323
20777,9,0,0.6354019045829773
20779,8,9,0.3977999985218048
20782,0,0,0.6323162317276001
20784,0,0,0.4871126711368561
20787,4,0,0.6594672203063965
20789,10,7,0.4424138367176056
20791,4,0,0.6504116654396057
20794,2,0,0.292674720287323
20797,1,0,0.4633055329322815
20800,2,0,0.4691133499145508
20803,6,0,0.3431452214717865
20806,4,7,0.4763392210006714
20808,6,7,0.5048568844795227
20810,6,9,0.5376515984535217
20813,6,0,0.3793566823005676
20815,13,0,0.6951786279678345
20816,13,0,0.6328220367431641
20819,2,0,0.47535377740859985
20821,0,0,0.5133334994316101
20823,4,1,0.6101029515266418
20826,7,1,0.6159142255783081
20828,7,1,0.4621281325817108
20830,6,0,0.5827162861824036
20833,2,0,0.4910234808921814
20835,0,0,0.5092840194702148
20837,1,0,0.5663015842437744
20840,2,8,0.5364560484886169
20842,13,0,0.4740658700466156
20844,13,0,0.6355340480804443
20846,0,0,0.5173230171203613
20848,14,0,0.5278662443161011
20850,2,0,0.5636695623397827
20853,11,1,0.5833224058151245
20856,13,0,0.5739189982414246
20859,11,2,0.5488870143890381
20861,6,0,0.3851627707481384
20864,11,1,0.461704283952713
20867,1,0,0.4794800579547882
20869,13,0,0.546081006526947
20870,4,4,0.6012479662895203
20872,4,0,0.39105120301246643
20874,6,0,0.4942958652973175
20876,1,7,0.4869340658187866
20879,1,0,0.6263654232025146
20882,13,0,0.5233787894248962
20884,11,2,0.5268515348434448
20886,13,0,0.6404708623886108
20889,1,0,0.4548540711402893
20891,4,7,0.48155105113983154
20894,1,5,0.46689119935035706
20896,2,0,0.4705357551574707
20898,4,0,0.41524678468704224
20900,11,2,0.5886558890342712
20902,4,0,0.3966103792190552
20904,13,0,0.5296647548675537
20906,5,0,0.6409497261047363
20908,6,0,0.3915195167064667
20911,14,0,0.5618975758552551
20913,1,0,0.437590092420578
20915,4,2,0.6525370478630066
20916,4,0,0.4082053303718567
20918,2,0,0.36223670840263367
20920,2,0,0.3300989866256714
20922,5,8,0.6238425970077515
20924,13,0,0.5168834924697876
20926,2,8,0.5555928945541382
20928,2,8,0.4726044535636902
20930,0,0,0.5713064670562744
20933,8,0,0.6973776817321777
20935,4,0,0.652682363986969
20938,2,8,0.5367259979248047
20941,6,0,0.35602614283561707
20944,7,7,0.5119490623474121
20946,7,7,0.544162392616272
20948,6,9,0.5071967840194702
20951,1,0,0.39778220653533936
20953,2,0,0.5681815147399902
20955,14,0,0.5255336165428162
20957,6,9,0.552747905254364
20959,7,7,0.6371143460273743
20961,2,0,0.6259301900863647
20963,13,0,0.4220385253429413
20966,6,0,0.36009669303894043
20967,1,0,0.5617859363555908
20969,1,0,0.5942528247833252
20972,0,0,0.5429356098175049
20974,11,1,0.5909347534179688
20976,8,0,0.37127459049224854
20979,1,7,0.5062339901924133
20981,2,0,0.534598171710968
20984,13,0,0.5488297939300537
20986,0,0,0.7505744099617004
20987,3,7,0.47799742221832275
20989,3,0,0.3945012390613556
20991,9,6,0.4906051456928253
20994,3,0,0.432123064994812
20997,9,0,0.6969060897827148
20999,3,4,0.38311514258384705
21002,9,0,0.6180015206336975
21004,10,4,0.6003707051277161
21006,12,6,0.4594026505947113
21007,9,0,0.5263080596923828
21009,3,0,0.42150768637657166
21011,9,6,0.5515581965446472
21013,3,4,0.5160474181175232
21016,8,8,0.464069128036499
21018,3,4,0.4975368082523346
21020,3,0,0.5697301626205444
21023,9,6,0.5963164567947388
21024,9,6,0.647520124912262
21027,1,6,0.6250578761100769
21029,9,6,0.47825151681900024
21031,9,6,0.517569363117218
21033,7,4,0.4848751723766327
21036,3,4,0.4296910762786865
21038,3,6,0.49538326263427734
21041,9,0,0.6575497388839722
21043,8,0,0.4876464307308197
21045,12,0,0.49410125613212585
21047,8,6,0.44203901290893555
21049,9,6,0.4917256832122803
21051,7,4,0.457601398229599
21053,12,6,0.40658992528915405
21055,8,0,0.6531355381011963
